{
  "total_pnl": -513.2741464060382,
  "wins": 0,
  "losses": 0,
  "account_balance": 49373.72585359396,
  "timestamp": "2025-10-08T12:25:00-04:00"
}